Moran I for ASC billing fraction,Counties,Medicare Beneficiaries Population,Overall Population,Total Medicare Payment Amount: 2015,Total Number of Services: 2015,Total Medicare Payment Amount: 2016,Total Number of Services: 2016,Total Medicare Payment Amount: 2017,Total Number of Services: 2017,Total Medicare Payment Amount: 2018,Total Number of Services: 2018,Total Medicare Payment Amount: 2019,Total Number of Services: 2019,Total Medicare Payment Amount,Total Number of Services
High-High,90.0,8252842.6,49290013.2,17139184.270004,87102.0,18933281.879988,106216.0,20196016.669976,104668.0,20980333.110004,106943.0,21192146.740001,116676.0,98440962.669961,521605.0
High-Low,33.0,1530090.6,8804717.6,2888148.389999,15446.0,3229779.879998,15408.0,3008709.780003,14722.0,2804513.259997,13691.0,2815552.8299970003,14891.0,14746704.139993,74158.0
Low-High,74.0,4004627.6,26958805.4,8693092.460004,106478.0,7748455.810001,90410.0,7584302.060005,90625.0,8247522.650009,101380.0,8687247.210014,103071.0,40960620.190027,491964.0
Low-Low,139.0,3623493.4,19364703.8,5561819.200002,95757.0,4296993.330003,65244.0,3946055.7200060003,59105.0,4005968.57,61639.0,4649316.8,72170.0,22460153.620007,353915.0
Non Significant,605.0,25346775.6,163845059.8,57438585.010012,472764.0,55995168.190008,396368.0,58543008.760018,428827.0,60913490.610061,429358.0,63638158.020035,434911.0,296528410.590133,2162228.0
All,941.0,42757829.8,268263299.8,91720829.330021,777547.0,90203679.089998,673646.0,93278092.990008,697947.0,96951828.20007099,713011.0,100982421.60004699,741719.0,473136851.21012104,3603870.0
